Filiere;Proposition;Réponse donnée
PT;Arts et Métiers;OUI DEFINITIF
PT;Arts et Métiers;ABSENT A L'ECOLE
PSI;Arts et Métiers;OUI DEFINITIF
PSI;Arts et Métiers;OUI DEFINITIF
PSI;Arts et Métiers;OUI DEFINITIF
PSI;Arts et Métiers;OUI DEFINITIF
PT;Arts et Métiers;OUI DEFINITIF
PT;Arts et Métiers;OUI DEFINITIF
PT;Arts et Métiers;OUI DEFINITIF
PT;Arts et Métiers;OUI DEFINITIF
PT;Arts et Métiers;OUI DEFINITIF
PT;Arts et Métiers;OUI DEFINITIF
PT;Arts et Métiers;OUI DEFINITIF
PT;Arts et Métiers;OUI DEFINITIF
MP;Arts et Métiers;OUI DEFINITIF
PT;Arts et Métiers;OUI DEFINITIF
PC;Bordeaux INP - ENSC Cognitique;OUI DEFINITIF
MP;Bordeaux INP - ENSEIRB-MATMECA Electronique;OUI DEFINITIF
PC;Bordeaux INP - ENSEIRB-MATMECA Télecom.;DEMISSION CANDIDAT
PC;Bordeaux INP - ENSMAC (ex ENSCBP) Chimie-Génie physique;OUI DEFINITIF
PSI;Bordeaux INP - ENSPIMA;OUI DEFINITIF
PSI;Bordeaux INP - ENSPIMA;OUI DEFINITIF
MP;Centrale Lille;OUI DEFINITIF
PSI;Centrale Lille;OUI DEFINITIF
PSI;Centrale Lille;OUI DEFINITIF
MP;Centrale Lille;DEMISSION CANDIDAT
PT;Centrale Lille;OUI DEFINITIF
PT;Centrale Lyon;OUI DEFINITIF
PT;Centrale Lyon;OUI DEFINITIF
PT;Centrale Lyon;OUI DEFINITIF
PSI;Centrale Lyon;NON MAIS
PT;Centrale Lyon;OUI DEFINITIF
PC;Centrale Lyon;OUI DEFINITIF
PSI;Centrale Lyon;OUI DEFINITIF
PT;Centrale Lyon;OUI DEFINITIF
MP;Centrale Lyon;OUI DEFINITIF
MP;Centrale Lyon;OUI DEFINITIF
MP;Centrale Lyon;OUI DEFINITIF
MP;Centrale Lyon;OUI DEFINITIF
MP;Centrale Méditerranée;OUI DEFINITIF
PSI;Centrale Méditerranée;OUI DEFINITIF
MP;Centrale Méditerranée;OUI DEFINITIF
MP;Centrale Méditerranée;OUI DEFINITIF
PC;Centrale Méditerranée;OUI DEFINITIF
PSI;Centrale Méditerranée;OUI DEFINITIF
PSI;Centrale Méditerranée;OUI DEFINITIF
PSI;Centrale Méditerranée;OUI DEFINITIF
MP;Centrale Méditerranée;OUI DEFINITIF
MP;Centrale Méditerranée;OUI DEFINITIF
PSI;Centrale Méditerranée;OUI DEFINITIF
MP;Centrale Méditerranée;OUI DEFINITIF
PSI;Centrale Méditerranée;OUI DEFINITIF
MP;Centrale Nantes;OUI DEFINITIF
PT;Centrale Nantes;OUI DEFINITIF
PT;CentraleSupélec - cursus apprenti - Campus Rennes;OUI DEFINITIF
PT;CentraleSupélec - statut étudiant;OUI DEFINITIF
PSI;CentraleSupélec - statut étudiant;OUI DEFINITIF
PC;CentraleSupélec - statut étudiant;OUI DEFINITIF
PSI;CentraleSupélec - statut étudiant;OUI DEFINITIF
PSI;CentraleSupélec - statut étudiant;NON MAIS
PSI;CentraleSupélec - statut étudiant;OUI DEFINITIF
MP;CentraleSupélec - statut étudiant;OUI DEFINITIF
MP;CentraleSupélec - statut étudiant;OUI DEFINITIF
MP;CentraleSupélec - statut étudiant;DEMISSION AUTO.
PT;CentraleSupélec - statut étudiant;OUI DEFINITIF
MP;Clermont Auverge INP - SIGMA Clermont  Mécanique Avancée;OUI DEFINITIF
PC;CPE Lyon - apprentissage - Physique et Systèmes Microélectronique;OUI DEFINITIF
PSI;CPE Lyon - apprentissage - Physique et Systèmes Microélectronique;OUI DEFINITIF
PC;CPE LYON Chimie – génie des procédés;OUI DEFINITIF
PC;CY TECH Cergy - Biotechnololgie;OUI DEFINITIF
MP;CY TECH Cergy-Pau - Mathématiques;DEMISSION CANDIDAT
MP;CY TECH Cergy-Pau - Mathématiques;OUI DEFINITIF
PC;ECAM LaSalle;OUI DEFINITIF
PT;ECAM LaSalle;NON MAIS
PSI;ECOLE DE L'AIR Base;OUI DEFINITIF
MP;ECOLE NAVALE Brest;ABSENT A L'ECOLE
PT;ECOLE POLYTECHNIQUE;OUI DEFINITIF
BCPST;ECPM - ESBS Strasbourg - CHEMBIOTECH;OUI DEFINITIF
PC;ECPM Strasbourg;OUI DEFINITIF
PC;ENAC Toulouse - Contrôleurs aériens;OUI DEFINITIF
PSI;ENAC Toulouse - Contrôleurs aériens;OUI DEFINITIF
PSI;ENAC Toulouse - Contrôleurs aériens;OUI DEFINITIF
MP;ENAC Toulouse Civil;DEMISSION CANDIDAT
MP;ENAC Toulouse Civil;OUI DEFINITIF
PC;ENS de Lyon;OUI DEFINITIF
MP;ENS de Lyon;OUI DEFINITIF
PT;ENS Paris-Saclay;OUI DEFINITIF
PT;ENS Paris-Saclay;OUI DEFINITIF
PC;ENS Paris-Saclay;OUI DEFINITIF
MP;ENSAE Paris;OUI DEFINITIF
MP;ENSAI Rennes Civil;OUI DEFINITIF
BCPST;ENSAIA;OUI DEFINITIF
PC;ENSAIT Roubaix;OUI DEFINITIF
PC;ENSC Lille;OUI DEFINITIF
PC;ENSC Lille;OUI DEFINITIF
PC;ENSC Lille;OUI DEFINITIF
PC;ENSC Lille;OUI DEFINITIF
PC;ENSC Montpellier;DEMISSION CANDIDAT
PC;ENSC Mulhouse;OUI DEFINITIF
PSI;ENSEA Cergy;OUI DEFINITIF
BCPST;ENSG Nancy;OUI DEFINITIF
PT;ENSICAEN Génie Physique et systèmes Embarqués;OUI DEFINITIF
PC;ENSICAEN Mat. et Chimie;OUI DEFINITIF
MP;ENSIIE Evry;OUI DEFINITIF
MP;ENSSAT Lannion;DEMISSION CANDIDAT
PT;ENSTA Bretagne (filière sous statut étudiant);OUI DEFINITIF
PSI;ENSTA Bretagne (filière sous statut étudiant);OUI DEFINITIF
PSI;ENSTA Bretagne (filière sous statut IETA - Direction Générale de l'Armement);OUI DEFINITIF
PT;ENSTA Bretagne (filière sous statut IETA - Direction Générale de l'Armement);OUI DEFINITIF
MP;ENSTA Bretagne (filière sous statut IETA - Direction Générale de l'Armement);OUI DEFINITIF
MP;ENSTA Bretagne (filière sous statut IETA - Direction Générale de l'Armement);OUI DEFINITIF
PT;ENSTA Paris;OUI DEFINITIF
PT;ENSTA Paris;OUI DEFINITIF
PT;ENSTA Paris;OUI DEFINITIF
PT;ENSTA Paris - apprentissage;OUI DEFINITIF
PT;ENTPE Lyon Civil;OUI DEFINITIF
BCPST;ENTPE Lyon Civil;OUI DEFINITIF
BCPST;ENTPE Lyon Civil;OUI DEFINITIF
BCPST;ENTPE Lyon Civil;OUI DEFINITIF
BCPST;ENTPE Lyon Civil;OUI DEFINITIF
PSI;ENTPE Lyon Civil;OUI DEFINITIF
BCPST;ENTPE Lyon Civil;OUI DEFINITIF
PSI;ENTPE Lyon Civil;OUI DEFINITIF
PT;ENTPE Lyon Civil;OUI DEFINITIF
BCPST;ENTPE Lyon Fonctionnaire;OUI DEFINITIF
MP;ENTPE Lyon Fonctionnaire;OUI DEFINITIF
BCPST;ENTPE Lyon Fonctionnaire;OUI DEFINITIF
PC;ENTPE Lyon Fonctionnaire;OUI DEFINITIF
MP;ENTPE Lyon Fonctionnaire;OUI DEFINITIF
PT;ENTPE Lyon Fonctionnaire;OUI DEFINITIF
MP;ENTPE Lyon Fonctionnaire;OUI DEFINITIF
PT;EPF campus Montpellier;NON MAIS
PC;EPITA campus Lyon;OUI DEFINITIF
MP;EPITA campus Lyon;OUI DEFINITIF
PSI;ESIEE Paris;OUI DEFINITIF
PT;ESILV Paris-La Défense;OUI DEFINITIF
PT;ESILV Paris-La Défense;OUI DEFINITIF
MP;ESTACA Laval Automobile;OUI DEFINITIF
PSI;ESTACA Laval Automobile;OUI DEFINITIF
MP;ESTACA Paris-Saclay : Spatial;OUI DEFINITIF
PSI;ESTIA Bidart;OUI MAIS
PC;ESTP - campus de Cachan;OUI DEFINITIF
PC;ESTP - campus de Cachan;OUI DEFINITIF
PSI;ESTP - campus de Cachan;OUI DEFINITIF
PSI;ESTP - campus de Cachan;OUI DEFINITIF
PSI;ESTP - campus de Cachan;OUI DEFINITIF
PT;ESTP - campus de Troyes;OUI DEFINITIF
PSI;ESTP - campus de Troyes;OUI DEFINITIF
MP;EURECOM;OUI DEFINITIF
MP;Grenoble INP - ENSE3;OUI DEFINITIF
MP;Grenoble INP - ENSE3;OUI DEFINITIF
MP;Grenoble INP - ENSIMAG;OUI DEFINITIF
MP;Grenoble INP - ENSIMAG;OUI DEFINITIF
PT;Grenoble INP - ENSIMAG;OUI DEFINITIF
MP;Grenoble INP - ENSIMAG;OUI DEFINITIF
MP;Grenoble INP - ENSIMAG;OUI DEFINITIF
PSI;Grenoble INP - Esisar;OUI CARTE REPONSE
PSI;Grenoble INP - Génie industriel;OUI DEFINITIF
PSI;Grenoble INP - Génie industriel;OUI DEFINITIF
PT;Grenoble INP - Pagora;OUI MAIS
PC;Grenoble INP - Phelma (Physique Electronique Télécoms);OUI DEFINITIF
PSI;Grenoble INP - Phelma (Physique Electronique Télécoms);OUI DEFINITIF
MP;Grenoble INP - Phelma (Physique Electronique Télécoms);OUI DEFINITIF
PT;Grenoble INP - Phelma (Physique Matériaux Procédés);OUI DEFINITIF
PC;Grenoble INP - Phelma (Physique Matériaux Procédés);OUI DEFINITIF
PC;Grenoble INP - Phelma (Physique Matériaux Procédés);OUI DEFINITIF
MP;Grenoble INP - Phelma (Physique Matériaux Procédés);OUI DEFINITIF
PSI;IMT Atlantique;OUI DEFINITIF
PT;IMT Atlantique;OUI DEFINITIF
PC;IMT Atlantique;OUI DEFINITIF
PSI;IMT Atlantique;OUI DEFINITIF
PT;IMT Atlantique;OUI DEFINITIF
MP;IMT Mines Albi;NON MAIS
BCPST;IMT Mines Albi;OUI CARTE REPONSE
PC;IMT Mines Alès;OUI DEFINITIF
PT;IMT Mines Alès;OUI DEFINITIF
PC;IMT Mines Alès;OUI DEFINITIF
MP;IMT Mines Alès;OUI DEFINITIF
PT;IMT Mines Alès;OUI DEFINITIF
PSI;IMT Mines Alès;OUI DEFINITIF
PT;IMT Mines Alès;OUI DEFINITIF
PSI;IMT Mines Alès;OUI DEFINITIF
PT;IMT Mines Alès;OUI DEFINITIF
MP;IMT Mines Alès;OUI DEFINITIF
PSI;IMT Mines Alès;OUI DEFINITIF
PC;IMT Mines Alès;OUI DEFINITIF
MP;IMT Mines Alès;OUI DEFINITIF
MP;IMT Mines Alès;OUI DEFINITIF
BCPST;IMT Nord Europe;OUI DEFINITIF
PT;IMT Nord Europe en partenariat avec Polyvia Formation;OUI DEFINITIF
PT;INSA Hauts de France Génie Industriel;NON MAIS
PC;INSA Hauts de France Mécatronique;DEMISSION CANDIDAT
PC;INSA Hauts-de-France Audiovisuel et Multimédia;OUI DEFINITIF
PSI;INSA Lyon Biotechnologies et Bioinformatique;OUI DEFINITIF
PSI;INSA Lyon Biotechnologies et Bioinformatique;OUI DEFINITIF
PC;INSA Lyon Biotechnologies et Bioinformatique;OUI DEFINITIF
PSI;INSA Lyon Génie Civil et Génie Urbain;OUI DEFINITIF
PT;INSA Lyon Génie Electrique;OUI DEFINITIF
MP;INSA Lyon Génie Energétique et Génie de l'Environnement;OUI DEFINITIF
PT;INSA Lyon Génie Industriel;OUI DEFINITIF
PT;INSA Lyon Génie Industriel;OUI DEFINITIF
PT;INSA Lyon Génie Mécanique;OUI DEFINITIF
PT;INSA Lyon Génie Mécanique;OUI DEFINITIF
PT;INSA Lyon Génie Mécanique;OUI DEFINITIF
PT;INSA Lyon Génie Mécanique;OUI DEFINITIF
PC;INSA Lyon Matériaux;OUI DEFINITIF
PT;INSA Lyon Matériaux;OUI DEFINITIF
PSI;INSA Lyon Matériaux;OUI DEFINITIF
MP;INSA Lyon Télécommunications;OUI DEFINITIF
PT;INSA Lyon Télécommunications;OUI DEFINITIF
PSI;INSA Rennes Génie Civil et Urbain;OUI DEFINITIF
MP;INSA Rouen Normandie Génie Energétique (Parcours énergétique et propulsion);OUI DEFINITIF
PSI;INSA Rouen Normandie Mécanique;DEMISSION CANDIDAT
PT;INSA Strasbourg Génie Mécanique;OUI DEFINITIF
PT;INSA Strasbourg Topographie;NON MAIS
MP;Institut d'optique Graduate School (SupOptique);DEMISSION CANDIDAT
PT;Institut d'optique Graduate School (SupOptique);DEMISSION CANDIDAT
PSI;Institut d'optique Graduate School (SupOptique);OUI CARTE REPONSE
MP;IPSA Paris;OUI DEFINITIF
PC;IPSA Paris;OUI DEFINITIF
PSI;ISAE - SUPAERO Toulouse;OUI DEFINITIF
PSI;ISAE - SUPAERO Toulouse;OUI DEFINITIF
PSI;ISAE - SUPAERO Toulouse;OUI DEFINITIF
PSI;ISAE - SUPAERO Toulouse;OUI DEFINITIF
PSI;ISAE - SUPAERO Toulouse;OUI DEFINITIF
PSI;ISAE - SUPAERO Toulouse;OUI DEFINITIF
PT;ISAE-ENSMA Poitiers;OUI DEFINITIF
MP;ISAE-ENSMA Poitiers;OUI DEFINITIF
PSI;ISAE-ENSMA Poitiers;OUI DEFINITIF
MP;ISAE-Supméca Paris;OUI DEFINITIF
PSI;ISAE-Supméca Paris;DEMISSION CANDIDAT
BCPST;ISIFC Besançon - Génie Biomédical;DEMISSION CANDIDAT
PT;ISIFC Besançon - Génie Biomédical;OUI DEFINITIF
PC;ITECH Lyon;ABSENT A L'ECOLE
BCPST;L'Institut Agro - Dijon (cursus ingénieur, en alimentation durable);OUI CARTE REPONSE
BCPST;L'Institut Agro - Dijon (cursus ingénieur, en alimentation durable);OUI CARTE REPONSE
BCPST;L'Institut Agro - Dijon (cursus ingénieur, spécialités agronomie civil);OUI CARTE REPONSE
BCPST;L'Institut Agro Rennes - Angers (cursus ingénieur, spécialités Horticulture et Paysage);OUI DEFINITIF
PT;Lorraine INP - ENSEM - Energie;OUI DEFINITIF
PT;Lorraine INP - ENSEM - Energie;OUI DEFINITIF
PSI;Lorraine INP - ENSEM - Spécialité des systèmes numériques;OUI DEFINITIF
PC;Lorraine INP - ENSEM - Spécialité des systèmes numériques;OUI DEFINITIF
PC;Lorraine INP - ENSGSI;OUI DEFINITIF
BCPST;Lorraine INP - ENSIC;OUI DEFINITIF
BCPST;Lorraine INP - ENSTIB;OUI DEFINITIF
MP;MINES de NANCY;OUI DEFINITIF
PSI;MINES de NANCY;OUI DEFINITIF
MP;MINES de NANCY;DEMISSION CANDIDAT
MP;MINES de NANCY;OUI DEFINITIF
PC;MINES Paris;OUI DEFINITIF
MP;MINES Paris;OUI DEFINITIF
MP;MINES Paris;OUI DEFINITIF
MP;MINES Paris;OUI DEFINITIF
PSI;Mines Saint Etienne-ISMIN;DEMISSION CANDIDAT
PT;MINES SAINT-ETIENNE;OUI DEFINITIF
MP;MINES SAINT-ETIENNE;DEMISSION CANDIDAT
PT;MINES SAINT-ETIENNE;OUI DEFINITIF
PC;MINES SAINT-ETIENNE;OUI DEFINITIF
PC;MINES SAINT-ETIENNE;OUI DEFINITIF
PT;MINES SAINT-ETIENNE;OUI DEFINITIF
PC;MINES SAINT-ETIENNE;OUI DEFINITIF
MP;MINES SAINT-ETIENNE;OUI DEFINITIF
PT;MINES SAINT-ETIENNE;OUI DEFINITIF
PSI;MINES SAINT-ETIENNE;OUI DEFINITIF
MP;MINES SAINT-ETIENNE;OUI DEFINITIF
BCPST;Oniris VetAgroBio Nantes (École nationale vétérinaire de Nantes);OUI DEFINITIF
BCPST;Oniris VetAgroBio Nantes (École nationale vétérinaire de Nantes);OUI DEFINITIF
BCPST;Polytech Clermont - Génie Biologique;OUI DEFINITIF
PSI;Polytech Grenoble - Géotechnique et génie civil;OUI DEFINITIF
PC;Polytech Lyon - Informatique;DEMISSION CANDIDAT
PT;Polytech Lyon - Systèmes industriels, Robotique;DEMISSION AUTO.
BCPST;Polytech Marseille - Génie Biologique, Biotechnologie;DEMISSION AUTO.
BCPST;Polytech Marseille - Génie Biologique, Biotechnologie;OUI DEFINITIF
PSI;Polytech Marseille - Mécanique, Energétique;DEMISSION CANDIDAT
PSI;Polytech Montpellier - Matériaux;OUI DEFINITIF
BCPST;Polytech Nice-Sophia - Génie biologique;DEMISSION CANDIDAT
BCPST;Polytech Sorbonne - Agroalimentaire;OUI DEFINITIF
PT;PONTS ParisTech;OUI DEFINITIF
PT;PONTS ParisTech;OUI DEFINITIF
MP;PONTS ParisTech;OUI DEFINITIF
MP;PONTS ParisTech;OUI DEFINITIF
MP;PONTS ParisTech;OUI DEFINITIF
PC;SeaTech Toulon;OUI DEFINITIF
PC;SUPMICROTECH ENSMM Besançon;OUI DEFINITIF
PSI;SUPMICROTECH ENSMM Besançon;OUI DEFINITIF
PT;SUPMICROTECH ENSMM Besançon;OUI DEFINITIF
MP;TELECOM Nancy;DEMISSION CANDIDAT
PSI;TELECOM Paris;OUI DEFINITIF
MP;TELECOM Paris;OUI DEFINITIF
PSI;TELECOM PHYSIQUE Strasbourg;OUI DEFINITIF
PSI;TELECOM PHYSIQUE Strasbourg;OUI DEFINITIF
PC;TELECOM PHYSIQUE Strasbourg;OUI DEFINITIF
PC;TELECOM PHYSIQUE Strasbourg;ABSENT A L'ECOLE
MP;Télécom Physique Strasbourg Informatique et Réseaux;DEMISSION CANDIDAT
MP;Télécom Physique Strasbourg Informatique et Réseaux;OUI DEFINITIF
PSI;TELECOM St Etienne;NON MAIS
MP;TELECOM St Etienne;OUI DEFINITIF
MP;TELECOM SudParis;OUI DEFINITIF
PSI;TELECOM SudParis;NON MAIS
PC;TELECOM SudParis;OUI DEFINITIF
PSI;TELECOM SudParis;OUI DEFINITIF
PSI;Toulouse INP - ENSEEIHT - Electronique-Energie-Automatique (EEA);OUI DEFINITIF
PC;Toulouse INP - ENSIACET - Chimie;OUI DEFINITIF
PC;Toulouse INP - ENSIACET - Chimie;OUI DEFINITIF
PC;Toulouse INP - ENSIACET - Chimie;OUI DEFINITIF
PC;Toulouse INP - ENSIACET - Génie chimique;OUI DEFINITIF
MP;Toulouse INP - ENSIACET - Génie Industriel;OUI DEFINITIF
PC;Toulouse INP - ENSIACET - Génie Industriel;OUI DEFINITIF
PC;Toulouse INP - ENSIACET - Matériaux;OUI DEFINITIF
BCPST;VetAgro Sup;OUI DEFINITIF
BCPST;VetAgro Sup;NON MAIS
BCPST;VetAgro Sup;DEMISSION CANDIDAT
BCPST;VetAgro Sup;DEMISSION CANDIDAT
MP;;PAS DE VOEUX
PSI;;PAS DE VOEUX
BCPST;;PAS DE VOEUX
PT;;PAS DE PROPOSITION
BCPST;;PAS DE VOEUX
BCPST;;PAS DE PROPOSITION
PSI;;PAS DE PROPOSITION
BCPST;;PAS DE VOEUX
PT;;PAS DE PROPOSITION
PT;;PAS DE PROPOSITION
PT;;PAS DE VOEUX
PSI;;PAS DE VOEUX
MP;;PAS DE VOEUX
PSI;;PAS DE VOEUX
PT;;PAS DE PROPOSITION
